{"initial_price": 0.0015583, "initial_qty": 3850.3497401013924, "rebuy_prices": ["0.0015427", "0.0015272", "0.0015120", "0.0014968"], "rebuy_sizes": ["4620", "5544", "6653", "7984"]}